age, sex, cp, trestbps, chol, fbs, restecg, thalach, exang, oldpeak, slope, ca, thal, target
-0.002574005781950224,-0.011231027215059511,0.017254482677472517,-0.012144191080015857,-0.03264179749966658,-0.03746929990342017,-0.011177600983080278,0.018515732410747117,-0.03433596293842627,-0.004080161041138892,-0.007766657407739491,0.0015600784952372359,-0.009566226556344516,-0.027028012269364517
