Iteration,KCA,Key Sensitivity,Privacy,DPR,CCA,Fitness,Concealing Ratio,Secrecy,Data Conservation Percentage
0.0,0.28984507996193376,0.23161363278583144,0.7101549200380662,0.46153846153846156,0.28984507996193376,5.8251090722126895,0.9230769230769231,1.2778450534019168,7.692307692307693
10.0,0.24261789397068081,0.2489582435486961,0.7573821060293192,0.3076923076923077,0.24261789397068081,5.284921554924964,0.5384615384615384,1.3735377153576258,46.15384615384615
20.0,0.24265700134160964,0.2490325307082521,0.7573429986583904,0.3076923076923077,0.24265700134160964,5.284913498603587,0.5384615384615384,1.37394756808619,46.15384615384615
30.0,0.2426570891354326,0.24903269749633933,0.7573429108645674,0.3076923076923077,0.2426570891354326,5.284913480517602,0.5384615384615384,1.3739484882795725,46.15384615384615
40.0,0.2426570891354675,0.24903269749640564,0.7573429108645325,0.3076923076923077,0.2426570891354675,5.284913480517596,0.5384615384615384,1.3739484882799384,46.15384615384615
