Iteration,KCA,Key Sensitivity,Privacy,DPR,CCA,Fitness,Concealing Ratio,Secrecy,Data Conservation Percentage
0.0,0.179129632277652,0.17047662337143413,0.820870367722348,0.15384615384615385,0.179129632277652,4.249149952862326,0.6923076923076923,0.9405435564204615,30.769230769230774
10.0,0.26663853242443564,0.282594881178187,0.7333614675755644,0.15384615384615385,0.26663853242443564,3.242547669935453,0.7692307692307693,1.5591157855727875,23.076923076923066
20.0,0.26664660135923823,0.282601664850048,0.7333533986407618,0.15384615384615385,0.26664660135923823,3.2424892434898815,0.7692307692307693,1.559153212046468,23.076923076923066
30.0,0.2666466036491671,0.28260166677522747,0.733353396350833,0.15384615384615385,0.2666466036491671,3.2424892269087096,0.7692307692307693,1.5591532226679543,23.076923076923066
40.0,0.2666466036491762,0.28260166677523507,0.7333533963508239,0.15384615384615385,0.2666466036491762,3.242489226908644,0.7692307692307693,1.5591532226679963,23.076923076923066
