Iteration,KCA,Key Sensitivity,Privacy,DPR,CCA,Fitness,Concealing Ratio,Secrecy,Data Conservation Percentage
0.0,0.1744964585600371,0.18141957019931984,0.825503541439963,0.23076923076923078,0.1744964585600371,4.635666329372027,0.6923076923076923,1.0009173362600279,30.769230769230774
10.0,0.2392650177693724,0.24883103080502594,0.7607349822306276,0.23076923076923078,0.2392650177693724,4.4141766316516176,0.6923076923076923,1.3728358647226984,30.769230769230774
20.0,0.2402016635929425,0.25001923114789987,0.7597983364070575,0.23076923076923078,0.2402016635929425,4.413368554570432,0.7692307692307693,1.3793913334674759,23.076923076923066
30.0,0.24024338662600145,0.2500721930379655,0.7597566133739986,0.23076923076923078,0.24024338662600145,4.413332558651884,0.7692307692307693,1.3796835316788902,23.076923076923066
40.0,0.24024348207813573,0.2500723142051086,0.7597565179218643,0.23076923076923078,0.24024348207813573,4.413332476301994,0.7692307692307693,1.3796842001750949,23.076923076923066
