Iteration,KCA,Key Sensitivity,Privacy,DPR,CCA,Fitness,Concealing Ratio,Secrecy,Data Conservation Percentage
0.0,0.21673453564947842,0.1256195961179634,0.7832654643505216,0.3076923076923077,0.21673453564947842,5.099609262407839,0.8461538461538461,0.693061015359653,15.384615384615387
10.0,0.1885771411198907,0.15693124718530338,0.8114228588801093,0.07692307692307693,0.1885771411198907,3.819732922162886,0.5384615384615384,0.8658118070509394,46.15384615384615
20.0,0.1885771411198907,0.15693124718530338,0.8114228588801093,0.07692307692307693,0.1885771411198907,3.819732922162886,0.5384615384615384,0.8658118070509394,46.15384615384615
30.0,0.1885771411198907,0.15693124718530338,0.8114228588801093,0.07692307692307693,0.1885771411198907,3.819732922162886,0.5384615384615384,0.8658118070509394,46.15384615384615
40.0,0.1885771411198907,0.15693124718530338,0.8114228588801093,0.07692307692307693,0.1885771411198907,3.819732922162886,0.5384615384615384,0.8658118070509394,46.15384615384615
